{
  "TB09-1-Logout" : {
    "transaction" : "TB09-1-Logout",
    "sampleCount" : 583,
    "errorCount" : 0,
    "errorPct" : 0.0,
    "meanResTime" : 60.80102915951973,
    "medianResTime" : 60.0,
    "minResTime" : 54.0,
    "maxResTime" : 71.0,
    "pct1ResTime" : 65.0,
    "pct2ResTime" : 66.0,
    "pct3ResTime" : 68.15999999999997,
    "throughput" : 0.32973546505709006,
    "receivedKBytesPerSec" : 0.7271686823137362,
    "sentKBytesPerSec" : 0.5432262983899521
  },
  "TB04-Select-Product" : {
    "transaction" : "TB04-Select-Product",
    "sampleCount" : 590,
    "errorCount" : 0,
    "errorPct" : 0.0,
    "meanResTime" : 31.410169491525437,
    "medianResTime" : 31.0,
    "minResTime" : 27.0,
    "maxResTime" : 38.0,
    "pct1ResTime" : 34.0,
    "pct2ResTime" : 34.0,
    "pct3ResTime" : 36.0,
    "throughput" : 0.3311804731502448,
    "receivedKBytesPerSec" : 0.5884324265186308,
    "sentKBytesPerSec" : 0.28396138225187
  },
  "TB02-2-Click-on-Login" : {
    "transaction" : "TB02-2-Click-on-Login",
    "sampleCount" : 590,
    "errorCount" : 0,
    "errorPct" : 0.0,
    "meanResTime" : 30.962711864406796,
    "medianResTime" : 31.0,
    "minResTime" : 27.0,
    "maxResTime" : 37.0,
    "pct1ResTime" : 33.0,
    "pct2ResTime" : 34.0,
    "pct3ResTime" : 35.0,
    "throughput" : 0.3311797295552649,
    "receivedKBytesPerSec" : 0.6513089887581321,
    "sentKBytesPerSec" : 0.2761987197658166
  },
  "TB06-Click-on-Checkout" : {
    "transaction" : "TB06-Click-on-Checkout",
    "sampleCount" : 589,
    "errorCount" : 0,
    "errorPct" : 0.0,
    "meanResTime" : 31.224108658743614,
    "medianResTime" : 31.0,
    "minResTime" : 0.0,
    "maxResTime" : 37.0,
    "pct1ResTime" : 34.0,
    "pct2ResTime" : 34.0,
    "pct3ResTime" : 35.0,
    "throughput" : 0.33088530638912,
    "receivedKBytesPerSec" : 0.7665245900378804,
    "sentKBytesPerSec" : 0.27742015355550026
  },
  "TB09-Logout" : {
    "transaction" : "TB09-Logout",
    "sampleCount" : 585,
    "errorCount" : 0,
    "errorPct" : 0.0,
    "meanResTime" : 60.5931623931624,
    "medianResTime" : 60.0,
    "minResTime" : 0.0,
    "maxResTime" : 71.0,
    "pct1ResTime" : 65.0,
    "pct2ResTime" : 66.0,
    "pct3ResTime" : 68.13999999999999,
    "throughput" : 0.33023122960045975,
    "receivedKBytesPerSec" : 0.725772211860551,
    "sentKBytesPerSec" : 0.5421830748662422
  },
  "TB09-1-Logout-0" : {
    "transaction" : "TB09-1-Logout-0",
    "sampleCount" : 583,
    "errorCount" : 0,
    "errorPct" : 0.0,
    "meanResTime" : 30.070325900514597,
    "medianResTime" : 30.0,
    "minResTime" : 26.0,
    "maxResTime" : 35.0,
    "pct1ResTime" : 32.0,
    "pct2ResTime" : 33.0,
    "pct3ResTime" : 34.0,
    "throughput" : 0.32974087344567904,
    "receivedKBytesPerSec" : 0.07406289149658805,
    "sentKBytesPerSec" : 0.27306666082220293
  },
  "TB08-1-Click-on-Confirm" : {
    "transaction" : "TB08-1-Click-on-Confirm",
    "sampleCount" : 585,
    "errorCount" : 0,
    "errorPct" : 0.0,
    "meanResTime" : 32.65128205128205,
    "medianResTime" : 33.0,
    "minResTime" : 29.0,
    "maxResTime" : 38.0,
    "pct1ResTime" : 35.0,
    "pct2ResTime" : 36.0,
    "pct3ResTime" : 37.0,
    "throughput" : 0.3302254508424136,
    "receivedKBytesPerSec" : 0.7185611876007963,
    "sentKBytesPerSec" : 0.2699206077686525
  },
  "TB05-Add-to-Cart" : {
    "transaction" : "TB05-Add-to-Cart",
    "sampleCount" : 590,
    "errorCount" : 0,
    "errorPct" : 0.0,
    "meanResTime" : 31.869491525423747,
    "medianResTime" : 32.0,
    "minResTime" : 0.0,
    "maxResTime" : 38.0,
    "pct1ResTime" : 34.0,
    "pct2ResTime" : 35.0,
    "pct3ResTime" : 36.09000000000003,
    "throughput" : 0.3311862361245597,
    "receivedKBytesPerSec" : 0.7019014703405886,
    "sentKBytesPerSec" : 0.28413077646332396
  },
  "TB02-1-Click-on-Login-1" : {
    "transaction" : "TB02-1-Click-on-Login-1",
    "sampleCount" : 590,
    "errorCount" : 0,
    "errorPct" : 0.0,
    "meanResTime" : 30.74915254237287,
    "medianResTime" : 31.0,
    "minResTime" : 27.0,
    "maxResTime" : 36.0,
    "pct1ResTime" : 33.0,
    "pct2ResTime" : 34.0,
    "pct3ResTime" : 35.0,
    "throughput" : 0.3311797295552649,
    "receivedKBytesPerSec" : 0.6515227733425577,
    "sentKBytesPerSec" : 0.3046594777744722
  },
  "TB02-1-Click-on-Login" : {
    "transaction" : "TB02-1-Click-on-Login",
    "sampleCount" : 590,
    "errorCount" : 0,
    "errorPct" : 0.0,
    "meanResTime" : 61.47966101694919,
    "medianResTime" : 61.0,
    "minResTime" : 55.0,
    "maxResTime" : 70.0,
    "pct1ResTime" : 66.0,
    "pct2ResTime" : 67.0,
    "pct3ResTime" : 69.0,
    "throughput" : 0.33117359502408866,
    "receivedKBytesPerSec" : 0.7258953992059132,
    "sentKBytesPerSec" : 0.6962473155292912
  },
  "TB02-1-Click-on-Login-0" : {
    "transaction" : "TB02-1-Click-on-Login-0",
    "sampleCount" : 590,
    "errorCount" : 0,
    "errorPct" : 0.0,
    "meanResTime" : 30.630508474576285,
    "medianResTime" : 30.5,
    "minResTime" : 27.0,
    "maxResTime" : 35.0,
    "pct1ResTime" : 33.0,
    "pct2ResTime" : 34.0,
    "pct3ResTime" : 34.0,
    "throughput" : 0.33117898596362416,
    "receivedKBytesPerSec" : 0.0743859050504234,
    "sentKBytesPerSec" : 0.3915998555161509
  },
  "TB05-1-Add-to-Cart" : {
    "transaction" : "TB05-1-Add-to-Cart",
    "sampleCount" : 589,
    "errorCount" : 0,
    "errorPct" : 0.0,
    "meanResTime" : 31.923599320882868,
    "medianResTime" : 32.0,
    "minResTime" : 28.0,
    "maxResTime" : 38.0,
    "pct1ResTime" : 34.0,
    "pct2ResTime" : 35.0,
    "pct3ResTime" : 36.10000000000002,
    "throughput" : 0.33087954411652354,
    "receivedKBytesPerSec" : 0.7024420606183683,
    "sentKBytesPerSec" : 0.2843496082251374
  },
  "TB03-1-Click-on-Fish" : {
    "transaction" : "TB03-1-Click-on-Fish",
    "sampleCount" : 590,
    "errorCount" : 0,
    "errorPct" : 0.0,
    "meanResTime" : 31.01186440677965,
    "medianResTime" : 31.0,
    "minResTime" : 27.0,
    "maxResTime" : 37.0,
    "pct1ResTime" : 33.0,
    "pct2ResTime" : 34.0,
    "pct3ResTime" : 35.0,
    "throughput" : 0.3311804731502448,
    "receivedKBytesPerSec" : 0.5613540813572898,
    "sentKBytesPerSec" : 0.2736119924659249
  },
  "TB04-1-Select-Product" : {
    "transaction" : "TB04-1-Select-Product",
    "sampleCount" : 590,
    "errorCount" : 0,
    "errorPct" : 0.0,
    "meanResTime" : 31.410169491525437,
    "medianResTime" : 31.0,
    "minResTime" : 27.0,
    "maxResTime" : 38.0,
    "pct1ResTime" : 34.0,
    "pct2ResTime" : 34.0,
    "pct3ResTime" : 36.0,
    "throughput" : 0.3311808449489869,
    "receivedKBytesPerSec" : 0.5884330871204893,
    "sentKBytesPerSec" : 0.28396170104024465
  },
  "TB06-1-Click-on-Checkout" : {
    "transaction" : "TB06-1-Click-on-Checkout",
    "sampleCount" : 588,
    "errorCount" : 0,
    "errorPct" : 0.0,
    "meanResTime" : 31.27721088435372,
    "medianResTime" : 31.0,
    "minResTime" : 27.0,
    "maxResTime" : 37.0,
    "pct1ResTime" : 34.0,
    "pct2ResTime" : 34.0,
    "pct3ResTime" : 35.0,
    "throughput" : 0.33078549741869173,
    "receivedKBytesPerSec" : 0.7675965939008892,
    "sentKBytesPerSec" : 0.2778081325977294
  },
  "Total" : {
    "transaction" : "Total",
    "sampleCount" : 8238,
    "errorCount" : 0,
    "errorPct" : 0.0,
    "meanResTime" : 37.87581937363438,
    "medianResTime" : 32.0,
    "minResTime" : 0.0,
    "maxResTime" : 658.0,
    "pct1ResTime" : 61.0,
    "pct2ResTime" : 66.0,
    "pct3ResTime" : 99.0,
    "throughput" : 4.585733681206341,
    "receivedKBytesPerSec" : 8.090506821021398,
    "sentKBytesPerSec" : 4.85101134079132
  },
  "TB09-1-Logout-1" : {
    "transaction" : "TB09-1-Logout-1",
    "sampleCount" : 583,
    "errorCount" : 0,
    "errorPct" : 0.0,
    "meanResTime" : 30.63464837049744,
    "medianResTime" : 30.0,
    "minResTime" : 27.0,
    "maxResTime" : 37.0,
    "pct1ResTime" : 33.0,
    "pct2ResTime" : 34.0,
    "pct3ResTime" : 35.0,
    "throughput" : 0.32974068694656733,