{
  "TA01-Launch-Page" : {
    "transaction" : "TA01-Launch-Page",
    "sampleCount" : 715,
    "errorCount" : 0,
    "errorPct" : 0.0,
    "meanResTime" : 39.85174825174832,
    "medianResTime" : 33.0,
    "minResTime" : 0.0,
    "maxResTime" : 662.0,
    "pct1ResTime" : 37.0,
    "pct2ResTime" : 93.19999999999993,
    "pct3ResTime" : 107.68000000000006,
    "throughput" : 0.39732486447887927,
    "receivedKBytesPerSec" : 0.7550051558458157,
    "sentKBytesPerSec" : 0.3065017056489593
  },
  "TA04-2-Click-on-Save" : {
    "transaction" : "TA04-2-Click-on-Save",
    "sampleCount" : 705,
    "errorCount" : 0,
    "errorPct" : 0.0,
    "meanResTime" : 38.180141843971676,
    "medianResTime" : 33.0,
    "minResTime" : 28.0,
    "maxResTime" : 104.0,
    "pct1ResTime" : 37.0,
    "pct2ResTime" : 92.0,
    "pct3ResTime" : 101.93999999999994,
    "throughput" : 0.3974883248376077,
    "receivedKBytesPerSec" : 0.7577914054566972,
    "sentKBytesPerSec" : 0.33305174092838613
  },
  "Total" : {
    "transaction" : "Total",
    "sampleCount" : 4966,
    "errorCount" : 1,
    "errorPct" : 0.020136932,
    "meanResTime" : 43.874546919049614,
    "medianResTime" : 33.0,
    "minResTime" : 0.0,
    "maxResTime" : 5068.0,
    "pct1ResTime" : 67.0,
    "pct2ResTime" : 93.0,
    "pct3ResTime" : 122.0,
    "throughput" : 2.7673970975209334,
    "receivedKBytesPerSec" : 4.955950771009315,
    "sentKBytesPerSec" : 3.33073114177839
  },
  "TA02-Click-on-Sigin" : {
    "transaction" : "TA02-Click-on-Sigin",
    "sampleCount" : 712,
    "errorCount" : 0,
    "errorPct" : 0.0,
    "meanResTime" : 38.28792134831458,
    "medianResTime" : 33.0,
    "minResTime" : 0.0,
    "maxResTime" : 104.0,
    "pct1ResTime" : 37.0,
    "pct2ResTime" : 94.0,
    "pct3ResTime" : 100.0,
    "throughput" : 0.3971321702715335,
    "receivedKBytesPerSec" : 0.7583235871758102,
    "sentKBytesPerSec" : 0.32021657229199924
  },
  "TA03-1-Click-on-Register-Now" : {
    "transaction" : "TA03-1-Click-on-Register-Now",
    "sampleCount" : 710,
    "errorCount" : 0,
    "errorPct" : 0.0,
    "meanResTime" : 38.91549295774647,
    "medianResTime" : 34.0,
    "minResTime" : 29.0,
    "maxResTime" : 109.0,
    "pct1ResTime" : 38.0,
    "pct2ResTime" : 95.0,
    "pct3ResTime" : 103.88999999999999,
    "throughput" : 0.3981248878521443,
    "receivedKBytesPerSec" : 1.0106460294752602,
    "sentKBytesPerSec" : 0.32814199740938454
  },
  "TA01-1-Launch-Page" : {
    "transaction" : "TA01-1-Launch-Page",
    "sampleCount" : 712,
    "errorCount" : 0,
    "errorPct" : 0.0,
    "meanResTime" : 40.01966292134838,
    "medianResTime" : 33.0,
    "minResTime" : 29.0,
    "maxResTime" : 662.0,
    "pct1ResTime" : 37.0,
    "pct2ResTime" : 93.35000000000002,
    "pct3ResTime" : 107.74000000000001,
    "throughput" : 0.39698492182129097,
    "receivedKBytesPerSec" : 0.7575376693110025,
    "sentKBytesPerSec" : 0.30752980418662973
  },
  "TA04-Click-on-Save" : {
    "transaction" : "TA04-Click-on-Save",
    "sampleCount" : 710,
    "errorCount" : 1,
    "errorPct" : 0.14084508,
    "meanResTime" : 120.7422535211268,
    "medianResTime" : 98.0,
    "minResTime" : 0.0,
    "maxResTime" : 5068.0,
    "pct1ResTime" : 156.0,
    "pct2ResTime" : 163.0,
    "pct3ResTime" : 175.0,
    "throughput" : 0.39813270155468017,
    "receivedKBytesPerSec" : 1.6058267211529025,
    "sentKBytesPerSec" : 1.3607213482890106
  },
  "TA04-1-Click-on-Save" : {
    "transaction" : "TA04-1-Click-on-Save",
    "sampleCount" : 707,
    "errorCount" : 1,
    "errorPct" : 0.14144272,
    "meanResTime" : 69.03677510608199,
    "medianResTime" : 64.0,
    "minResTime" : 56.0,
    "maxResTime" : 142.0,
    "pct1ResTime" : 72.0,
    "pct2ResTime" : 124.0,
    "pct3ResTime" : 137.0,
    "throughput" : 0.39771630957517484,
    "receivedKBytesPerSec" : 0.8548729600162912,
    "sentKBytesPerSec" : 1.032766034134129
  },
  "TA04-1-Click-on-Save-0" : {
    "transaction" : "TA04-1-Click-on-Save-0",
    "sampleCount" : 706,
    "errorCount" : 0,
    "errorPct" : 0.0,
    "meanResTime" : 38.332861189801676,
    "medianResTime" : 33.0,
    "minResTime" : 29.0,
    "maxResTime" : 107.0,
    "pct1ResTime" : 37.0,
    "pct2ResTime" : 94.64999999999998,
    "pct3ResTime" : 103.92999999999995,
    "throughput" : 0.39716091824054334,
    "receivedKBytesPerSec" : 0.08920606562043455,
    "sentKBytesPerSec" : 0.664934036339099
  },
  "TA03-Click-on-Register-Now" : {
    "transaction" : "TA03-Click-on-Register-Now",
    "sampleCount" : 710,
    "errorCount" : 0,
    "errorPct" : 0.0,
    "meanResTime" : 38.91549295774647,
    "medianResTime" : 34.0,
    "minResTime" : 29.0,
    "maxResTime" : 109.0,
    "pct1ResTime" : 38.0,
    "pct2ResTime" : 95.0,
    "pct3ResTime" : 103.88999999999999,
    "throughput" : 0.3981248878521443,
    "receivedKBytesPerSec" : 1.0106460294752602,
    "sentKBytesPerSec" : 0.32814199740938454
  },
  "TA04-1-Click-on-Save-1" : {
    "transaction" : "TA04-1-Click-on-Save-1",
    "sampleCount" : 706,
    "errorCount" : 0,
    "errorPct" : 0.0,
    "meanResTime" : 30.562322946175655,
    "medianResTime" : 30.0,
    "minResTime" : 27.0,
    "maxResTime" : 37.0,
    "pct1ResTime" : 33.0,
    "pct2ResTime" : 34.0,
    "pct3ResTime" : 35.0,
    "throughput" : 0.39716181193544375,
    "receivedKBytesPerSec" : 0.7572902230758326,
    "sentKBytesPerSec" : 0.36690925204192365
  },
  "TA02-1-Click-on-Sigin" : {
    "transaction" : "TA02-1-Click-on-Sigin",
    "sampleCount" : 710,
    "errorCount" : 0,
    "errorPct" : 0.0,
    "meanResTime" : 38.3957746478873,
    "medianResTime" : 33.0,
    "minResTime" : 29.0,
    "maxResTime" : 104.0,
    "pct1ResTime" : 37.0,
    "pct2ResTime" : 94.0,
    "pct3ResTime" : 100.0,
    "throughput" : 0.39812153921637344,
    "receivedKBytesPerSec" : 0.7623542309175019,
    "sentKBytesPerSec" : 0.32191858835073944
  }
}