{
  "TC04-Click-on-My-Accouint" : {
    "transaction" : "TC04-Click-on-My-Accouint",
    "sampleCount" : 735,
    "errorCount" : 0,
    "errorPct" : 0.0,
    "meanResTime" : 44.47891156462588,
    "medianResTime" : 32.0,
    "minResTime" : 0.0,
    "maxResTime" : 124.0,
    "pct1ResTime" : 95.0,
    "pct2ResTime" : 100.0,
    "pct3ResTime" : 105.63999999999999,
    "throughput" : 0.41165908131134976,
    "receivedKBytesPerSec" : 1.0641620254088866,
    "sentKBytesPerSec" : 0.33441940212259263
  },
  "TC01-Launch-Page" : {
    "transaction" : "TC01-Launch-Page",
    "sampleCount" : 740,
    "errorCount" : 0,
    "errorPct" : 0.0,
    "meanResTime" : 45.294594594594614,
    "medianResTime" : 31.0,
    "minResTime" : 27.0,
    "maxResTime" : 684.0,
    "pct1ResTime" : 94.0,
    "pct2ResTime" : 98.0,
    "pct3ResTime" : 108.59000000000003,
    "throughput" : 0.4119329172810869,
    "receivedKBytesPerSec" : 0.7859576339171647,
    "sentKBytesPerSec" : 0.31027068272036046
  },
  "TC06-View-Order" : {
    "transaction" : "TC06-View-Order",
    "sampleCount" : 732,
    "errorCount" : 145,
    "errorPct" : 19.808743,
    "meanResTime" : 31.74999999999997,
    "medianResTime" : 32.0,
    "minResTime" : 0.0,
    "maxResTime" : 37.0,
    "pct1ResTime" : 34.0,
    "pct2ResTime" : 35.0,
    "pct3ResTime" : 36.0,
    "throughput" : 0.4112867882547281,
    "receivedKBytesPerSec" : 0.7754672671973503,
    "sentKBytesPerSec" : 0.34062375774674397
  },
  "TC03-2-Click-on-Login" : {
    "transaction" : "TC03-2-Click-on-Login",
    "sampleCount" : 735,
    "errorCount" : 0,
    "errorPct" : 0.0,
    "meanResTime" : 30.699319727891137,
    "medianResTime" : 31.0,
    "minResTime" : 27.0,
    "maxResTime" : 36.0,
    "pct1ResTime" : 33.0,
    "pct2ResTime" : 34.0,
    "pct3ResTime" : 35.0,
    "throughput" : 0.4116510117933814,
    "receivedKBytesPerSec" : 0.8087648315129211,
    "sentKBytesPerSec" : 0.3433105117886209
  },
  "TC07-1-Logout" : {
    "transaction" : "TC07-1-Logout",
    "sampleCount" : 730,
    "errorCount" : 0,
    "errorPct" : 0.0,
    "meanResTime" : 60.58904109589043,
    "medianResTime" : 60.0,
    "minResTime" : 54.0,
    "maxResTime" : 71.0,
    "pct1ResTime" : 65.0,
    "pct2ResTime" : 66.0,
    "pct3ResTime" : 69.0,
    "throughput" : 0.4121206373078699,
    "receivedKBytesPerSec" : 0.9088260142048951,
    "sentKBytesPerSec" : 0.6789526515023209
  },
  "TC01-1-Launch-Page" : {
    "transaction" : "TC01-1-Launch-Page",
    "sampleCount" : 740,
    "errorCount" : 0,
    "errorPct" : 0.0,
    "meanResTime" : 45.294594594594614,
    "medianResTime" : 31.0,
    "minResTime" : 27.0,
    "maxResTime" : 684.0,
    "pct1ResTime" : 94.0,
    "pct2ResTime" : 98.0,
    "pct3ResTime" : 108.59000000000003,
    "throughput" : 0.4119496575250955,
    "receivedKBytesPerSec" : 0.7859895738812227,
    "sentKBytesPerSec" : 0.3102832915863179
  },
  "TC05-Click-on-My-Orders" : {
    "transaction" : "TC05-Click-on-My-Orders",
    "sampleCount" : 734,
    "errorCount" : 0,
    "errorPct" : 0.0,
    "meanResTime" : 45.53405994550409,
    "medianResTime" : 46.0,
    "minResTime" : 0.0,
    "maxResTime" : 53.0,
    "pct1ResTime" : 49.0,
    "pct2ResTime" : 50.0,
    "pct3ResTime" : 52.0,
    "throughput" : 0.41157939949780586,
    "receivedKBytesPerSec" : 0.6683056202386599,
    "sentKBytesPerSec" : 0.33790628395950595
  },
  "TC02-1-Click-on-Sigin" : {
    "transaction" : "TC02-1-Click-on-Sigin",
    "sampleCount" : 1478,
    "errorCount" : 0,
    "errorPct" : 0.0,
    "meanResTime" : 30.70365358592692,
    "medianResTime" : 31.0,
    "minResTime" : 0.0,
    "maxResTime" : 37.0,
    "pct1ResTime" : 33.0,
    "pct2ResTime" : 34.0,
    "pct3ResTime" : 35.0,
    "throughput" : 0.8231011868695869,
    "receivedKBytesPerSec" : 1.5669721842755373,
    "sentKBytesPerSec" : 0.6646538603334284
  },
  "TC03-1-Click-on-Login" : {
    "transaction" : "TC03-1-Click-on-Login",
    "sampleCount" : 737,
    "errorCount" : 0,
    "errorPct" : 0.0,
    "meanResTime" : 59.85888738127544,
    "medianResTime" : 61.0,
    "minResTime" : 29.0,
    "maxResTime" : 72.0,
    "pct1ResTime" : 66.0,
    "pct2ResTime" : 67.0,
    "pct3ResTime" : 69.0,
    "throughput" : 0.41183468720959926,
    "receivedKBytesPerSec" : 0.8989134830387812,
    "sentKBytesPerSec" : 0.8504191366154006
  },
  "TC03-1-Click-on-Login-0" : {
    "transaction" : "TC03-1-Click-on-Login-0",
    "sampleCount" : 707,
    "errorCount" : 0,
    "errorPct" : 0.0,
    "meanResTime" : 30.41867043847241,
    "medianResTime" : 30.0,
    "minResTime" : 27.0,
    "maxResTime" : 36.0,
    "pct1ResTime" : 33.0,
    "pct2ResTime" : 33.0,
    "pct3ResTime" : 35.0,
    "throughput" : 0.4118618544269324,
    "receivedKBytesPerSec" : 0.09250803370917426,
    "sentKBytesPerSec" : 0.4870146050393366
  },
  "TC03-1-Click-on-Login-1" : {
    "transaction" : "TC03-1-Click-on-Login-1",
    "sampleCount" : 707,
    "errorCount" : 0,
    "errorPct" : 0.0,
    "meanResTime" : 30.54455445544553,
    "medianResTime" : 30.0,
    "minResTime" : 27.0,
    "maxResTime" : 38.0,
    "pct1ResTime" : 33.0,
    "pct2ResTime" : 34.0,
    "pct3ResTime" : 35.0,
    "throughput" : 0.41186401380414384,
    "receivedKBytesPerSec" : 0.8106063931183757,
    "sentKBytesPerSec" : 0.37888271582373384
  },
  "TC07-Logout" : {
    "transaction" : "TC07-Logout",
    "sampleCount" : 730,
    "errorCount" : 0,
    "errorPct" : 0.0,
    "meanResTime" : 60.58904109589043,
    "medianResTime" : 60.0,
    "minResTime" : 54.0,
    "maxResTime" : 71.0,
    "pct1ResTime" : 65.0,
    "pct2ResTime" : 66.0,
    "pct3ResTime" : 69.0,
    "throughput" : 0.4121197066610965,
    "receivedKBytesPerSec" : 0.9088239619029205,
    "sentKBytesPerSec" : 0.678951118298115
  },
  "TC07-1-Logout-1" : {
    "transaction" : "TC07-1-Logout-1",
    "sampleCount" : 730,
    "errorCount" : 0,
    "errorPct" : 0.0,
    "meanResTime" : 30.560273972602754,
    "medianResTime" : 30.0,
    "minResTime" : 27.0,
    "maxResTime" : 37.0,
    "pct1ResTime" : 33.0,
    "pct2ResTime" : 33.0,
    "pct3ResTime" : 35.0,
    "throughput" : 0.41212831530413097,
    "receivedKBytesPerSec" : 0.8162750627295993,
    "sentKBytesPerSec" : 0.33767153959000573
  },
  "TC03-Click-on-Login" : {
    "transaction" : "TC03-Click-on-Login",
    "sampleCount" : 738,
    "errorCount" : 0,
    "errorPct" : 0.0,
    "meanResTime" : 98.48509485094846,
    "medianResTime" : 91.0,
    "minResTime" : 0.0,
    "maxResTime" : 3033.0,
    "pct1ResTime" : 98.0,
    "pct2ResTime" : 101.0,
    "pct3ResTime" : 104.0,
    "throughput" : 0.4117028487270963,
    "receivedKBytesPerSec" : 1.7029866674244305,
    "sentKBytesPerSec" : 1.1909529318835406
  },
  "TC07-1-Logout-0" : {
    "transaction" : "TC07-1-Logout-0",
    "sampleCount" : 730,
    "errorCount" : 0,
    "errorPct" : 0.0,
    "meanResTime" : 29.92054794520546,
    "medianResTime" : 30.0,
    "minResTime" : 27.0,
    "maxResTime" : 35.0,
    "pct1ResTime" : 32.0,
    "pct2ResTime" : 33.0,
    "pct3ResTime" : 34.0,
    "throughput" : 0.4121285479751503,
    "receivedKBytesPerSec" : 0.09256793558035604,
    "sentKBytesPerSec" : 0.3412939537919214
  },
  "TC05-1-Click-on-My-Orders" : {
    "transaction" : "TC05-1-Click-on-My-Orders",
    "sampleCount" : 732,
    "errorCount" : 0,
    "errorPct" : 0.0,
    "meanResTime" : 45.658469945355186,
    "medianResTime" : 46.0,
    "minResTime" : 29.0,
    "maxResTime" : 53.0,
    "pct1ResTime" : 49.0,
    "pct2ResTime" : 50.0,
    "pct3ResTime" : 52.0,
    "throughput" : 0.4112747720009529,
    "receivedKBytesPerSec" : 0.6696355988584878,
    "sentKBytesPerSec" : 0.3385787429656282
  },
  "Total" : {
    "transaction" : "Total",
    "sampleCount" : 8760,
    "errorCount" : 145,
    "errorPct" : 1.6552511,
    "meanResTime" : 39.9302511415525,
    "medianResTime" : 32.0,
    "minResTime" : 0.0,
    "maxResTime" : 3033.0,
    "pct1ResTime" : 61.0,
    "pct2ResTime" : 65.0,
    "pct3ResTime" : 98.0,
    "throughput" : 4.876593243134915,